?instance	?type
<file://Users/aggr.txt>	<http://www.w3.org/2002/07/owl#NamedIndividual>
<http://cultura.linkeddata.es/BNE/resource/C1001/XX2197892>	<http://www.w3.org/2002/07/owl#NamedIndividual>
<http://data.semanticweb.org/person/luc-moreau>	<http://www.w3.org/2002/07/owl#NamedIndividual>
<http://data.semanticweb.org/person/paul-groth>	<http://www.w3.org/2002/07/owl#NamedIndividual>
<http://dbpedia.org/resource/Amelia_Earhart>	<http://www.w3.org/2002/07/owl#NamedIndividual>
<http://dbpedia.org/resource/Anthony_Kennedy>	<http://www.w3.org/2002/07/owl#NamedIndividual>
<http://dbpedia.org/resource/Antonin_Scalia>	<http://www.w3.org/2002/07/owl#NamedIndividual>
<http://dbpedia.org/resource/Clarence_Thomas>	<http://www.w3.org/2002/07/owl#NamedIndividual>
<http://dbpedia.org/resource/Edgar_J._Kaufmann>	<http://www.w3.org/2002/07/owl#NamedIndividual>
<http://dbpedia.org/resource/Elena_Kagan>	<http://www.w3.org/2002/07/owl#NamedIndividual>
<http://dbpedia.org/resource/Fallingwater>	<http://www.w3.org/2002/07/owl#NamedIndividual>
<http://dbpedia.org/resource/Frank_Lloyd_Wright>	<http://www.w3.org/2002/07/owl#NamedIndividual>
<http://dbpedia.org/resource/Jim_Thorpe>	<http://www.w3.org/2002/07/owl#NamedIndividual>
<http://dbpedia.org/resource/John_Glover_Roberts,_Jr.>	<http://www.w3.org/2002/07/owl#NamedIndividual>
<http://dbpedia.org/resource/Lockheed_Aircraft_Company>	<http://www.w3.org/2002/07/owl#NamedIndividual>
<http://dbpedia.org/resource/Madrid>	<http://www.w3.org/2002/07/owl#NamedIndividual>
<http://dbpedia.org/resource/Pablo_Picasso>	<http://www.w3.org/2002/07/owl#NamedIndividual>
<http://dbpedia.org/resource/Purdue_University>	<http://www.w3.org/2002/07/owl#NamedIndividual>
<http://dbpedia.org/resource/Ruth_Bader_Ginsburg>	<http://www.w3.org/2002/07/owl#NamedIndividual>
<http://dbpedia.org/resource/Samuel_Alito>	<http://www.w3.org/2002/07/owl#NamedIndividual>
<http://dbpedia.org/resource/Sonia_Sotomayor>	<http://www.w3.org/2002/07/owl#NamedIndividual>
<http://dbpedia.org/resource/Stephen_Breyer>	<http://www.w3.org/2002/07/owl#NamedIndividual>
<http://dbpedia.org/resource/Swissair_Flight_111>	<http://www.w3.org/2002/07/owl#NamedIndividual>
<http://example.com/Swissair_Flight_111_crash>	<http://www.w3.org/2002/07/owl#NamedIndividual>
<http://example.com/Timearticle20120430_publication>	<http://www.w3.org/2002/07/owl#NamedIndividual>
<http://example.com/W3C>	<http://www.w3.org/2002/07/owl#NamedIndividual>
<http://example.com/activity_2>	<http://www.w3.org/2002/07/owl#NamedIndividual>
<http://example.com/aggregatedByRegions>	<http://www.w3.org/2002/07/owl#NamedIndividual>
<http://example.com/aggregationActivity>	<http://www.w3.org/2002/07/owl#NamedIndividual>
<http://example.com/analyse_intermediate_result>	<http://www.w3.org/2002/07/owl#NamedIndividual>
<http://example.com/bar_chart>	<http://www.w3.org/2002/07/owl#NamedIndividual>
<http://example.com/bbc>	<http://www.w3.org/2002/07/owl#NamedIndividual>
<http://example.com/bbcNews2012-04-03>	<http://www.w3.org/2002/07/owl#NamedIndividual>
<http://example.com/bl-dagstuhl>	<http://www.w3.org/2002/07/owl#NamedIndividual>
<http://example.com/bob>	<http://www.w3.org/2002/07/owl#NamedIndividual>
<http://example.com/carl>	<http://www.w3.org/2002/07/owl#NamedIndividual>
<http://example.com/cervantes>	<http://www.w3.org/2002/07/owl#NamedIndividual>
<http://example.com/chaffeur>	<http://www.w3.org/2002/07/owl#NamedIndividual>
<http://example.com/chart_creation>	<http://www.w3.org/2002/07/owl#NamedIndividual>
<http://example.com/chat_plotting>	<http://www.w3.org/2002/07/owl#NamedIndividual>
<http://example.com/chauffeur>	<http://www.w3.org/2002/07/owl#NamedIndividual>
<http://example.com/civil_action_group>	<http://www.w3.org/2002/07/owl#NamedIndividual>
<http://example.com/conductingSurgery_1>	<http://www.w3.org/2002/07/owl#NamedIndividual>
<http://example.com/consistency_checking>	<http://www.w3.org/2002/07/owl#NamedIndividual>
<http://example.com/control-city-traffic>	<http://www.w3.org/2002/07/owl#NamedIndividual>
<http://example.com/copied-string>	<http://www.w3.org/2002/07/owl#NamedIndividual>
<http://example.com/create_the_chart>	<http://www.w3.org/2002/07/owl#NamedIndividual>
<http://example.com/d>	<http://www.w3.org/2002/07/owl#NamedIndividual>
<http://example.com/d1>	<http://www.w3.org/2002/07/owl#NamedIndividual>
<http://example.com/d2>	<http://www.w3.org/2002/07/owl#NamedIndividual>
<http://example.com/dagstuhl-quote>	<http://www.w3.org/2002/07/owl#NamedIndividual>
<http://example.com/data_loading>	<http://www.w3.org/2002/07/owl#NamedIndividual>
<http://example.com/datasetA>	<http://www.w3.org/2002/07/owl#NamedIndividual>
<http://example.com/datasetB>	<http://www.w3.org/2002/07/owl#NamedIndividual>
<http://example.com/derek>	<http://www.w3.org/2002/07/owl#NamedIndividual>
<http://example.com/digestedProteinSample1>	<http://www.w3.org/2002/07/owl#NamedIndividual>
<http://example.com/divideActivity>	<http://www.w3.org/2002/07/owl#NamedIndividual>
<http://example.com/dividend>	<http://www.w3.org/2002/07/owl#NamedIndividual>
<http://example.com/divisor>	<http://www.w3.org/2002/07/owl#NamedIndividual>
<http://example.com/doctor_smith>	<http://www.w3.org/2002/07/owl#NamedIndividual>
<http://example.com/donQuixote>	<http://www.w3.org/2002/07/owl#NamedIndividual>
<http://example.com/draft1>	<http://www.w3.org/2002/07/owl#NamedIndividual>
<http://example.com/draft2>	<http://www.w3.org/2002/07/owl#NamedIndividual>
<http://example.com/driving-during-the-year>	<http://www.w3.org/2002/07/owl#NamedIndividual>
<http://example.com/drosophilaSample-84>	<http://www.w3.org/2002/07/owl#NamedIndividual>
<http://example.com/e1>	<http://www.w3.org/2002/07/owl#NamedIndividual>
<http://example.com/e2>	<http://www.w3.org/2002/07/owl#NamedIndividual>
<http://example.com/eddie>	<http://www.w3.org/2002/07/owl#NamedIndividual>
<http://example.com/edward>	<http://www.w3.org/2002/07/owl#NamedIndividual>
<http://example.com/experiment>	<http://www.w3.org/2002/07/owl#NamedIndividual>
<http://example.com/geneSequencing>	<http://www.w3.org/2002/07/owl#NamedIndividual>
<http://example.com/george>	<http://www.w3.org/2002/07/owl#NamedIndividual>
<http://example.com/googlebot>	<http://www.w3.org/2002/07/owl#NamedIndividual>
<http://example.com/graduation>	<http://www.w3.org/2002/07/owl#NamedIndividual>
<http://example.com/illustrating>	<http://www.w3.org/2002/07/owl#NamedIndividual>
<http://example.com/illustration>	<http://www.w3.org/2002/07/owl#NamedIndividual>
<http://example.com/illustrationActivity>	<http://www.w3.org/2002/07/owl#NamedIndividual>
<http://example.com/illustration_association>	<http://www.w3.org/2002/07/owl#NamedIndividual>
<http://example.com/illustration_communication>	<http://www.w3.org/2002/07/owl#NamedIndividual>
<http://example.com/illustration_usage>	<http://www.w3.org/2002/07/owl#NamedIndividual>
<http://example.com/illustratonist>	<http://www.w3.org/2002/07/owl#NamedIndividual>
<http://example.com/inconsistentResult>	<http://www.w3.org/2002/07/owl#NamedIndividual>
<http://example.com/informing-the-journalist>	<http://www.w3.org/2002/07/owl#NamedIndividual>
<http://example.com/inputToBeSorted>	<http://www.w3.org/2002/07/owl#NamedIndividual>
<http://example.com/insuranceAgent_Frank>	<http://www.w3.org/2002/07/owl#NamedIndividual>
<http://example.com/journalist>	<http://www.w3.org/2002/07/owl#NamedIndividual>
<http://example.com/lab-technician-FE-56>	<http://www.w3.org/2002/07/owl#NamedIndividual>
<http://example.com/lab-technician-GH-32>	<http://www.w3.org/2002/07/owl#NamedIndividual>
<http://example.com/london_forecast>	<http://www.w3.org/2002/07/owl#NamedIndividual>
<http://example.com/london_forecast_0412>	<http://www.w3.org/2002/07/owl#NamedIndividual>
<http://example.com/london_forecast_0413>	<http://www.w3.org/2002/07/owl#NamedIndividual>
<http://example.com/make_bar_chart>	<http://www.w3.org/2002/07/owl#NamedIndividual>
<http://example.com/making-bar-chart>	<http://www.w3.org/2002/07/owl#NamedIndividual>
<http://example.com/more-crime-happens-in-cities>	<http://www.w3.org/2002/07/owl#NamedIndividual>
<http://example.com/ms_smith>	<http://www.w3.org/2002/07/owl#NamedIndividual>
<http://example.com/my#surgeon>	<http://www.w3.org/2002/07/owl#NamedIndividual>
<http://example.com/myPost>	<http://www.w3.org/2002/07/owl#NamedIndividual>
<http://example.com/nationalRegionsList>	<http://www.w3.org/2002/07/owl#NamedIndividual>
<http://example.com/national_newspaper_inc>	<http://www.w3.org/2002/07/owl#NamedIndividual>
<http://example.com/newsPublication>	<http://www.w3.org/2002/07/owl#NamedIndividual>
<http://example.com/ormsby>	<http://www.w3.org/2002/07/owl#NamedIndividual>
<http://example.com/our-NEW-baseball-team-field-positions>	<http://www.w3.org/2002/07/owl#NamedIndividual>
<http://example.com/our-baseball-team-field-positions>	<http://www.w3.org/2002/07/owl#NamedIndividual>
<http://example.com/our-old-baseball-team-field-positions>	<http://www.w3.org/2002/07/owl#NamedIndividual>
<http://example.com/page-by-composition>	<http://www.w3.org/2002/07/owl#NamedIndividual>
<http://example.com/page-by-seat>	<http://www.w3.org/2002/07/owl#NamedIndividual>
<http://example.com/peptideSample1>	<http://www.w3.org/2002/07/owl#NamedIndividual>
<http://example.com/plot_the_chart>	<http://www.w3.org/2002/07/owl#NamedIndividual>
<http://example.com/policySale>	<http://www.w3.org/2002/07/owl#NamedIndividual>
<http://example.com/post9821>	<http://www.w3.org/2002/07/owl#NamedIndividual>
<http://example.com/post9821v1>	<http://www.w3.org/2002/07/owl#NamedIndividual>
<http://example.com/private-investigator>	<http://www.w3.org/2002/07/owl#NamedIndividual>
<http://example.com/proteinDigestion>	<http://www.w3.org/2002/07/owl#NamedIndividual>
<http://example.com/proteinSample>	<http://www.w3.org/2002/07/owl#NamedIndividual>
<http://example.com/prov/service>	<http://www.w3.org/2002/07/owl#NamedIndividual>
<http://example.com/publicationActivity1123>	<http://www.w3.org/2002/07/owl#NamedIndividual>
<http://example.com/publishingActivity>	<http://www.w3.org/2002/07/owl#NamedIndividual>
<http://example.com/rawData>	<http://www.w3.org/2002/07/owl#NamedIndividual>
<http://example.com/report1>	<http://www.w3.org/2002/07/owl#NamedIndividual>
<http://example.com/researcher>	<http://www.w3.org/2002/07/owl#NamedIndividual>
<http://example.com/result_112234>	<http://www.w3.org/2002/07/owl#NamedIndividual>
<http://example.com/reuters>	<http://www.w3.org/2002/07/owl#NamedIndividual>
<http://example.com/scienceLab_003>	<http://www.w3.org/2002/07/owl#NamedIndividual>
<http://example.com/sensorReading20120510>	<http://www.w3.org/2002/07/owl#NamedIndividual>
<http://example.com/sortActivity>	<http://www.w3.org/2002/07/owl#NamedIndividual>
<http://example.com/sortedData>	<http://www.w3.org/2002/07/owl#NamedIndividual>
<http://example.com/steve>	<http://www.w3.org/2002/07/owl#NamedIndividual>
<http://example.com/steve-checking-style-guide>	<http://www.w3.org/2002/07/owl#NamedIndividual>
<http://example.com/style-guide>	<http://www.w3.org/2002/07/owl#NamedIndividual>
<http://example.com/stylist>	<http://www.w3.org/2002/07/owl#NamedIndividual>
<http://example.com/swissair_Flight_111_crash>	<http://www.w3.org/2002/07/owl#NamedIndividual>
<http://example.com/syntax_checker>	<http://www.w3.org/2002/07/owl#NamedIndividual>
<http://example.com/syntax_checking>	<http://www.w3.org/2002/07/owl#NamedIndividual>
<http://example.com/temperatureDisplay>	<http://www.w3.org/2002/07/owl#NamedIndividual>
<http://example.com/temperatureSensor>	<http://www.w3.org/2002/07/owl#NamedIndividual>
<http://example.com/the-Painter>	<http://www.w3.org/2002/07/owl#NamedIndividual>
<http://example.com/todays-us-supreme-court>	<http://www.w3.org/2002/07/owl#NamedIndividual>
<http://example.com/tool/bob-2011-11-17>	<http://www.w3.org/2002/07/owl#NamedIndividual>
<http://example.com/traffic-officer-34>	<http://www.w3.org/2002/07/owl#NamedIndividual>
<http://example.com/traffic-stop>	<http://www.w3.org/2002/07/owl#NamedIndividual>
<http://example.com/traffic_officer_34>	<http://www.w3.org/2002/07/owl#NamedIndividual>
<http://example.com/tsunami_image>	<http://www.w3.org/2002/07/owl#NamedIndividual>
<http://example.com/updated_data_record>	<http://www.w3.org/2002/07/owl#NamedIndividual>
<http://example.com/variableA>	<http://www.w3.org/2002/07/owl#NamedIndividual>
<http://example.com/variableB>	<http://www.w3.org/2002/07/owl#NamedIndividual>
<http://example.com/voicemail-interception>	<http://www.w3.org/2002/07/owl#NamedIndividual>
<http://example.com/w3/Consortium>	<http://www.w3.org/2002/07/owl#NamedIndividual>
<http://example.com/western-Pennsylvania-Conservancy>	<http://www.w3.org/2002/07/owl#NamedIndividual>
<http://example.com/widget-789532>	<http://www.w3.org/2002/07/owl#NamedIndividual>
<http://example.com/world-literature-homework-submission-32>	<http://www.w3.org/2002/07/owl#NamedIndividual>
<http://example.com/world_flight_1937>	<http://www.w3.org/2002/07/owl#NamedIndividual>
<http://example.com/writing-celebrity-gossip>	<http://www.w3.org/2002/07/owl#NamedIndividual>
<http://example.org#a1>	<http://www.w3.org/2002/07/owl#NamedIndividual>
<http://example.org#aggregatedByRegions>	<http://www.w3.org/2002/07/owl#NamedIndividual>
<http://example.org#aggregationActivity>	<http://www.w3.org/2002/07/owl#NamedIndividual>
<http://example.org#bar_chart>	<http://www.w3.org/2002/07/owl#NamedIndividual>
<http://example.org#civil_action_group>	<http://www.w3.org/2002/07/owl#NamedIndividual>
<http://example.org#crimeData>	<http://www.w3.org/2002/07/owl#NamedIndividual>
<http://example.org#derek>	<http://www.w3.org/2002/07/owl#NamedIndividual>
<http://example.org#e1>	<http://www.w3.org/2002/07/owl#NamedIndividual>
<http://example.org#e1Gen>	<http://www.w3.org/2002/07/owl#NamedIndividual>
<http://example.org#generation_of_bar_chart>	<http://www.w3.org/2002/07/owl#NamedIndividual>
<http://example.org#government>	<http://www.w3.org/2002/07/owl#NamedIndividual>
<http://example.org#hard_disk_failure>	<http://www.w3.org/2002/07/owl#NamedIndividual>
<http://example.org#illustrationActivity>	<http://www.w3.org/2002/07/owl#NamedIndividual>
<http://example.org#illustrationist>	<http://www.w3.org/2002/07/owl#NamedIndividual>
<http://example.org#nationalRegionsList>	<http://www.w3.org/2002/07/owl#NamedIndividual>
<http://example.org#national_newspaper_inc>	<http://www.w3.org/2002/07/owl#NamedIndividual>
<http://example.org#post19201>	<http://www.w3.org/2002/07/owl#NamedIndividual>
<http://example.org#tutorial_blog>	<http://www.w3.org/2002/07/owl#NamedIndividual>
<http://example.org#use_of_aggregatedData>	<http://www.w3.org/2002/07/owl#NamedIndividual>
<http://example.org/d>	<http://www.w3.org/2002/07/owl#NamedIndividual>
<http://example.org/d1>	<http://www.w3.org/2002/07/owl#NamedIndividual>
<http://example.org/d2>	<http://www.w3.org/2002/07/owl#NamedIndividual>
<http://example.org/d3>	<http://www.w3.org/2002/07/owl#NamedIndividual>
<http://example.org/e1>	<http://www.w3.org/2002/07/owl#NamedIndividual>
<http://example.org/e2>	<http://www.w3.org/2002/07/owl#NamedIndividual>
<http://example.org/seating_chart_2012>	<http://www.w3.org/2002/07/owl#NamedIndividual>
<http://purl.org/twc/location/Swissair-Flight-111-crash>	<http://www.w3.org/2002/07/owl#NamedIndividual>
<http://purl.org/twc/page/thoughts-from-the-dagstuhl-workshop>	<http://www.w3.org/2002/07/owl#NamedIndividual>
<http://www.example.org#aggregatedByRegions>	<http://www.w3.org/2002/07/owl#NamedIndividual>
<http://www.example.org#crimeData>	<http://www.w3.org/2002/07/owl#NamedIndividual>
<http://www.example.org#derek>	<http://www.w3.org/2002/07/owl#NamedIndividual>
<http://www.example.org#government>	<http://www.w3.org/2002/07/owl#NamedIndividual>
<http://www.example.org#john>	<http://www.w3.org/2002/07/owl#NamedIndividual>
<http://www.example.org#monica>	<http://www.w3.org/2002/07/owl#NamedIndividual>
<http://www.example.org#more-crime-happens-in-cities>	<http://www.w3.org/2002/07/owl#NamedIndividual>
<http://www.example.org#national_newspaper_inc>	<http://www.w3.org/2002/07/owl#NamedIndividual>
<http://www.example.org#post19201>	<http://www.w3.org/2002/07/owl#NamedIndividual>
<http://www.example.org#post9821v1>	<http://www.w3.org/2002/07/owl#NamedIndividual>
<http://www.example.org#post9821v2>	<http://www.w3.org/2002/07/owl#NamedIndividual>
<http://www.example.org#post9822>	<http://www.w3.org/2002/07/owl#NamedIndividual>
<http://www.example.org#postEditor>	<http://www.w3.org/2002/07/owl#NamedIndividual>
<http://www.example.org#publicationActivity1123>	<http://www.w3.org/2002/07/owl#NamedIndividual>
<http://www.example.org#publicationActivity1124>	<http://www.w3.org/2002/07/owl#NamedIndividual>
<http://www.example.org#quote_from_derek>	<http://www.w3.org/2002/07/owl#NamedIndividual>
<http://www.example.org#quote_from_monica>	<http://www.w3.org/2002/07/owl#NamedIndividual>
<http://www.gutenberg.org/ebooks/996>	<http://www.w3.org/2002/07/owl#NamedIndividual>
<https://www.w3.org/TR/prov-aq/examples.ttl#direct>	<http://www.w3.org/2002/07/owl#NamedIndividual>
<https://www.w3.org/TR/prov-aq/examples.ttl#sparql>	<http://www.w3.org/2002/07/owl#NamedIndividual>
<https://www.w3.org/TR/prov-aq/examples.ttl#us>	<http://www.w3.org/2002/07/owl#NamedIndividual>
_:Bdcd71394X2Dda08X2D4e14X2D9f6cX2D6c2ad5d01895genid41	<http://www.w3.org/ns/prov#Activity>
_:Bdcd71394X2Dda08X2D4e14X2D9f6cX2D6c2ad5d01895genid42	<http://www.w3.org/ns/prov#Activity>
_:Bdcd71394X2Dda08X2D4e14X2D9f6cX2D6c2ad5d01895genid43	<http://www.w3.org/ns/prov#Activity>
_:Bdcd71394X2Dda08X2D4e14X2D9f6cX2D6c2ad5d01895genid44	<http://www.w3.org/ns/prov#Activity>
_:Bdcd71394X2Dda08X2D4e14X2D9f6cX2D6c2ad5d01895genid15	<http://www.w3.org/ns/prov#AgentInfluence>
_:Bdcd71394X2Dda08X2D4e14X2D9f6cX2D6c2ad5d01895genid33	<http://www.w3.org/ns/prov#AgentInfluence>
_:B0f059832X2D053bX2D4faeX2D8835X2D82fc2b4f2efdgenid1	<http://www.w3.org/ns/prov#Association>
_:Bdcd71394X2Dda08X2D4e14X2D9f6cX2D6c2ad5d01895genid15	<http://www.w3.org/ns/prov#Association>
_:Bdcd71394X2Dda08X2D4e14X2D9f6cX2D6c2ad5d01895genid26	<http://www.w3.org/ns/prov#Association>
_:Bdcd71394X2Dda08X2D4e14X2D9f6cX2D6c2ad5d01895genid29	<http://www.w3.org/ns/prov#Association>
_:Bdcd71394X2Dda08X2D4e14X2D9f6cX2D6c2ad5d01895genid33	<http://www.w3.org/ns/prov#Association>
_:Bdcd71394X2Dda08X2D4e14X2D9f6cX2D6c2ad5d01895genid34	<http://www.w3.org/ns/prov#Association>
_:Bdcd71394X2Dda08X2D4e14X2D9f6cX2D6c2ad5d01895genid35	<http://www.w3.org/ns/prov#Association>
_:Bdcd71394X2Dda08X2D4e14X2D9f6cX2D6c2ad5d01895genid36	<http://www.w3.org/ns/prov#Association>
_:Bdcd71394X2Dda08X2D4e14X2D9f6cX2D6c2ad5d01895genid37	<http://www.w3.org/ns/prov#Association>
_:Bdcd71394X2Dda08X2D4e14X2D9f6cX2D6c2ad5d01895genid38	<http://www.w3.org/ns/prov#Association>
_:Bdcd71394X2Dda08X2D4e14X2D9f6cX2D6c2ad5d01895genid39	<http://www.w3.org/ns/prov#Association>
_:Bdcd71394X2Dda08X2D4e14X2D9f6cX2D6c2ad5d01895genid58	<http://www.w3.org/ns/prov#Association>
_:Bdcd71394X2Dda08X2D4e14X2D9f6cX2D6c2ad5d01895genid59	<http://www.w3.org/ns/prov#Association>
_:Bdcd71394X2Dda08X2D4e14X2D9f6cX2D6c2ad5d01895genid62	<http://www.w3.org/ns/prov#Association>
_:Bdcd71394X2Dda08X2D4e14X2D9f6cX2D6c2ad5d01895genid63	<http://www.w3.org/ns/prov#Association>
_:Bdcd71394X2Dda08X2D4e14X2D9f6cX2D6c2ad5d01895genid64	<http://www.w3.org/ns/prov#Association>
_:Bdcd71394X2Dda08X2D4e14X2D9f6cX2D6c2ad5d01895genid1	<http://www.w3.org/ns/prov#Attribution>
_:Bdcd71394X2Dda08X2D4e14X2D9f6cX2D6c2ad5d01895genid2	<http://www.w3.org/ns/prov#Attribution>
_:Bdcd71394X2Dda08X2D4e14X2D9f6cX2D6c2ad5d01895genid3	<http://www.w3.org/ns/prov#Attribution>
_:Bdcd71394X2Dda08X2D4e14X2D9f6cX2D6c2ad5d01895genid46	<http://www.w3.org/ns/prov#Attribution>
_:Bdcd71394X2Dda08X2D4e14X2D9f6cX2D6c2ad5d01895genid65	<http://www.w3.org/ns/prov#Communication>
_:Bdcd71394X2Dda08X2D4e14X2D9f6cX2D6c2ad5d01895genid14	<http://www.w3.org/ns/prov#Delegation>
_:Bdcd71394X2Dda08X2D4e14X2D9f6cX2D6c2ad5d01895genid40	<http://www.w3.org/ns/prov#Delegation>
_:Bdcd71394X2Dda08X2D4e14X2D9f6cX2D6c2ad5d01895genid60	<http://www.w3.org/ns/prov#Delegation>
_:B64250136X2Dc3c7X2D4cd7X2D9cf5X2D33b0655869d8genid1	<http://www.w3.org/ns/prov#Derivation>
_:Bdcd71394X2Dda08X2D4e14X2D9f6cX2D6c2ad5d01895genid20	<http://www.w3.org/ns/prov#Derivation>
_:Bdcd71394X2Dda08X2D4e14X2D9f6cX2D6c2ad5d01895genid4	<http://www.w3.org/ns/prov#Derivation>
_:Bdcd71394X2Dda08X2D4e14X2D9f6cX2D6c2ad5d01895genid5	<http://www.w3.org/ns/prov#Derivation>
_:Bdcd71394X2Dda08X2D4e14X2D9f6cX2D6c2ad5d01895genid6	<http://www.w3.org/ns/prov#Derivation>
_:Bdcd71394X2Dda08X2D4e14X2D9f6cX2D6c2ad5d01895genid7	<http://www.w3.org/ns/prov#Derivation>
_:Be565f50bX2D175cX2D432aX2D8e8eX2D92515276503bgenid4	<http://www.w3.org/ns/prov#DictionaryInvolvement>
_:Be565f50bX2D175cX2D432aX2D8e8eX2D92515276503bgenid7	<http://www.w3.org/ns/prov#DictionaryInvolvement>
_:Bdcd71394X2Dda08X2D4e14X2D9f6cX2D6c2ad5d01895genid30	<http://www.w3.org/ns/prov#End>
_:Bdcd71394X2Dda08X2D4e14X2D9f6cX2D6c2ad5d01895genid31	<http://www.w3.org/ns/prov#End>
_:Bdcd71394X2Dda08X2D4e14X2D9f6cX2D6c2ad5d01895genid32	<http://www.w3.org/ns/prov#End>
_:Bdcd71394X2Dda08X2D4e14X2D9f6cX2D6c2ad5d01895genid55	<http://www.w3.org/ns/prov#Entity>
_:Bdcd71394X2Dda08X2D4e14X2D9f6cX2D6c2ad5d01895genid50	<http://www.w3.org/ns/prov#EntityInfluence>
_:Bd2840cf1X2Dd51aX2D4239X2Da2b8X2D402fc77bc8d9genid1	<http://www.w3.org/ns/prov#Generation>
_:Bdcd71394X2Dda08X2D4e14X2D9f6cX2D6c2ad5d01895genid10	<http://www.w3.org/ns/prov#Generation>
_:Bdcd71394X2Dda08X2D4e14X2D9f6cX2D6c2ad5d01895genid48	<http://www.w3.org/ns/prov#Generation>
_:Bdcd71394X2Dda08X2D4e14X2D9f6cX2D6c2ad5d01895genid49	<http://www.w3.org/ns/prov#Generation>
_:Bdcd71394X2Dda08X2D4e14X2D9f6cX2D6c2ad5d01895genid56	<http://www.w3.org/ns/prov#Generation>
_:Bdcd71394X2Dda08X2D4e14X2D9f6cX2D6c2ad5d01895genid57	<http://www.w3.org/ns/prov#Generation>
_:Bdcd71394X2Dda08X2D4e14X2D9f6cX2D6c2ad5d01895genid8	<http://www.w3.org/ns/prov#Generation>
_:Bdcd71394X2Dda08X2D4e14X2D9f6cX2D6c2ad5d01895genid9	<http://www.w3.org/ns/prov#Generation>
_:Bdcd71394X2Dda08X2D4e14X2D9f6cX2D6c2ad5d01895genid15	<http://www.w3.org/ns/prov#Influence>
_:Bdcd71394X2Dda08X2D4e14X2D9f6cX2D6c2ad5d01895genid16	<http://www.w3.org/ns/prov#Influence>
_:Be565f50bX2D175cX2D432aX2D8e8eX2D92515276503bgenid1	<http://www.w3.org/ns/prov#Insertion>
_:Be565f50bX2D175cX2D432aX2D8e8eX2D92515276503bgenid10	<http://www.w3.org/ns/prov#Insertion>
_:Be565f50bX2D175cX2D432aX2D8e8eX2D92515276503bgenid12	<http://www.w3.org/ns/prov#Insertion>
_:Be565f50bX2D175cX2D432aX2D8e8eX2D92515276503bgenid24	<http://www.w3.org/ns/prov#Insertion>
_:Be565f50bX2D175cX2D432aX2D8e8eX2D92515276503bgenid27	<http://www.w3.org/ns/prov#Insertion>
_:Be565f50bX2D175cX2D432aX2D8e8eX2D92515276503bgenid8	<http://www.w3.org/ns/prov#Insertion>
_:Bdcd71394X2Dda08X2D4e14X2D9f6cX2D6c2ad5d01895genid10	<http://www.w3.org/ns/prov#InstantaneousEvent>
_:Bdcd71394X2Dda08X2D4e14X2D9f6cX2D6c2ad5d01895genid11	<http://www.w3.org/ns/prov#InstantaneousEvent>
_:Bdcd71394X2Dda08X2D4e14X2D9f6cX2D6c2ad5d01895genid12	<http://www.w3.org/ns/prov#InstantaneousEvent>
_:Bdcd71394X2Dda08X2D4e14X2D9f6cX2D6c2ad5d01895genid9	<http://www.w3.org/ns/prov#InstantaneousEvent>
_:Bdcd71394X2Dda08X2D4e14X2D9f6cX2D6c2ad5d01895genid11	<http://www.w3.org/ns/prov#Invalidation>
_:Bdcd71394X2Dda08X2D4e14X2D9f6cX2D6c2ad5d01895genid12	<http://www.w3.org/ns/prov#Invalidation>
_:Bdcd71394X2Dda08X2D4e14X2D9f6cX2D6c2ad5d01895genid53	<http://www.w3.org/ns/prov#Invalidation>
_:Bdcd71394X2Dda08X2D4e14X2D9f6cX2D6c2ad5d01895genid54	<http://www.w3.org/ns/prov#Invalidation>
_:Be565f50bX2D175cX2D432aX2D8e8eX2D92515276503bgenid11	<http://www.w3.org/ns/prov#KeyEntityPair>
_:Be565f50bX2D175cX2D432aX2D8e8eX2D92515276503bgenid13	<http://www.w3.org/ns/prov#KeyEntityPair>
_:Be565f50bX2D175cX2D432aX2D8e8eX2D92515276503bgenid14	<http://www.w3.org/ns/prov#KeyEntityPair>
_:Be565f50bX2D175cX2D432aX2D8e8eX2D92515276503bgenid15	<http://www.w3.org/ns/prov#KeyEntityPair>
_:Be565f50bX2D175cX2D432aX2D8e8eX2D92515276503bgenid16	<http://www.w3.org/ns/prov#KeyEntityPair>
_:Be565f50bX2D175cX2D432aX2D8e8eX2D92515276503bgenid17	<http://www.w3.org/ns/prov#KeyEntityPair>
_:Be565f50bX2D175cX2D432aX2D8e8eX2D92515276503bgenid18	<http://www.w3.org/ns/prov#KeyEntityPair>
_:Be565f50bX2D175cX2D432aX2D8e8eX2D92515276503bgenid19	<http://www.w3.org/ns/prov#KeyEntityPair>
_:Be565f50bX2D175cX2D432aX2D8e8eX2D92515276503bgenid2	<http://www.w3.org/ns/prov#KeyEntityPair>
_:Be565f50bX2D175cX2D432aX2D8e8eX2D92515276503bgenid20	<http://www.w3.org/ns/prov#KeyEntityPair>
_:Be565f50bX2D175cX2D432aX2D8e8eX2D92515276503bgenid21	<http://www.w3.org/ns/prov#KeyEntityPair>
_:Be565f50bX2D175cX2D432aX2D8e8eX2D92515276503bgenid22	<http://www.w3.org/ns/prov#KeyEntityPair>
_:Be565f50bX2D175cX2D432aX2D8e8eX2D92515276503bgenid23	<http://www.w3.org/ns/prov#KeyEntityPair>
_:Be565f50bX2D175cX2D432aX2D8e8eX2D92515276503bgenid25	<http://www.w3.org/ns/prov#KeyEntityPair>
_:Be565f50bX2D175cX2D432aX2D8e8eX2D92515276503bgenid26	<http://www.w3.org/ns/prov#KeyEntityPair>
_:Be565f50bX2D175cX2D432aX2D8e8eX2D92515276503bgenid28	<http://www.w3.org/ns/prov#KeyEntityPair>
_:Be565f50bX2D175cX2D432aX2D8e8eX2D92515276503bgenid3	<http://www.w3.org/ns/prov#KeyEntityPair>
_:Be565f50bX2D175cX2D432aX2D8e8eX2D92515276503bgenid9	<http://www.w3.org/ns/prov#KeyEntityPair>
_:Bdcd71394X2Dda08X2D4e14X2D9f6cX2D6c2ad5d01895genid45	<http://www.w3.org/ns/prov#PrimarySource>
_:Bdcd71394X2Dda08X2D4e14X2D9f6cX2D6c2ad5d01895genid52	<http://www.w3.org/ns/prov#PrimarySource>
_:Bdcd71394X2Dda08X2D4e14X2D9f6cX2D6c2ad5d01895genid61	<http://www.w3.org/ns/prov#PrimarySource>
_:Bdcd71394X2Dda08X2D4e14X2D9f6cX2D6c2ad5d01895genid13	<http://www.w3.org/ns/prov#Quotation>
_:Bdcd71394X2Dda08X2D4e14X2D9f6cX2D6c2ad5d01895genid19	<http://www.w3.org/ns/prov#Quotation>
_:Be565f50bX2D175cX2D432aX2D8e8eX2D92515276503bgenid29	<http://www.w3.org/ns/prov#Removal>
_:Be565f50bX2D175cX2D432aX2D8e8eX2D92515276503bgenid4	<http://www.w3.org/ns/prov#Removal>
_:Be565f50bX2D175cX2D432aX2D8e8eX2D92515276503bgenid5	<http://www.w3.org/ns/prov#Removal>
_:Be565f50bX2D175cX2D432aX2D8e8eX2D92515276503bgenid6	<http://www.w3.org/ns/prov#Removal>
_:Be565f50bX2D175cX2D432aX2D8e8eX2D92515276503bgenid7	<http://www.w3.org/ns/prov#Removal>
_:Bdcd71394X2Dda08X2D4e14X2D9f6cX2D6c2ad5d01895genid27	<http://www.w3.org/ns/prov#Revision>
_:Bdcd71394X2Dda08X2D4e14X2D9f6cX2D6c2ad5d01895genid28	<http://www.w3.org/ns/prov#Revision>
_:Bdcd71394X2Dda08X2D4e14X2D9f6cX2D6c2ad5d01895genid17	<http://www.w3.org/ns/prov#Start>
_:Bdcd71394X2Dda08X2D4e14X2D9f6cX2D6c2ad5d01895genid18	<http://www.w3.org/ns/prov#Start>
_:B8c45a930X2Df1a3X2D4674X2Dbf54X2D5568abd72a79genid1	<http://www.w3.org/ns/prov#Usage>
_:Bdcd71394X2Dda08X2D4e14X2D9f6cX2D6c2ad5d01895genid21	<http://www.w3.org/ns/prov#Usage>
_:Bdcd71394X2Dda08X2D4e14X2D9f6cX2D6c2ad5d01895genid22	<http://www.w3.org/ns/prov#Usage>
_:Bdcd71394X2Dda08X2D4e14X2D9f6cX2D6c2ad5d01895genid23	<http://www.w3.org/ns/prov#Usage>
_:Bdcd71394X2Dda08X2D4e14X2D9f6cX2D6c2ad5d01895genid24	<http://www.w3.org/ns/prov#Usage>
_:Bdcd71394X2Dda08X2D4e14X2D9f6cX2D6c2ad5d01895genid25	<http://www.w3.org/ns/prov#Usage>
_:Bdcd71394X2Dda08X2D4e14X2D9f6cX2D6c2ad5d01895genid47	<http://www.w3.org/ns/prov#Usage>
_:Bdcd71394X2Dda08X2D4e14X2D9f6cX2D6c2ad5d01895genid50	<http://www.w3.org/ns/prov#Usage>
_:Bdcd71394X2Dda08X2D4e14X2D9f6cX2D6c2ad5d01895genid51	<http://www.w3.org/ns/prov#Usage>
_:B33d0a348X2Dca9eX2D436cX2Dab08X2Ddccad5e1de57genid2	<http://www.w3.org/ns/sparql-service-description#Service>
_:B33d0a348X2Dca9eX2D436cX2Dab08X2Ddccad5e1de57genid1	<http://www.w3c.org/ns/prov#DirectQueryService>
